{"cameraMode":{"drawMode":0,"name":"Shaded","section":"Shading Mode"},"sceneLighting":true,"audioPlay":false,"sceneViewState":{"showFog":true,"showMaterialUpdate":false,"showSkybox":true,"showFlares":true,"showImageEffects":true,"showParticleSystems":true,"showVisualEffectGraphs":true,"m_FxEnabled":false},"in2DMode":false,"pivot":{"x":-4.209446907043457,"y":2.4642133712768556,"z":-12.531150817871094},"rotation":{"x":-0.1259472519159317,"y":0.02142220176756382,"z":-0.0027270803693681957,"w":-0.9918201565742493},"size":0.5728219747543335,"orthographic":false}