{"cameraMode":{"drawMode":0,"name":"Shaded","section":"Shading Mode"},"sceneLighting":true,"audioPlay":false,"sceneViewState":{"showFog":true,"showMaterialUpdate":false,"showSkybox":true,"showFlares":true,"showImageEffects":true,"showParticleSystems":true,"showVisualEffectGraphs":true,"m_FxEnabled":false},"in2DMode":false,"pivot":{"x":-1.0543090105056763,"y":1.851428747177124,"z":1.6465938091278077},"rotation":{"x":-0.12402598559856415,"y":0.08532152324914932,"z":-0.010705986060202122,"w":-0.9885555505752564},"size":4.3071064949035648,"orthographic":false}