{"cameraMode":{"drawMode":0,"name":"Shaded","section":"Shading Mode"},"sceneLighting":true,"audioPlay":false,"sceneViewState":{"showFog":true,"showMaterialUpdate":false,"showSkybox":true,"showFlares":true,"showImageEffects":true,"showParticleSystems":true,"showVisualEffectGraphs":true,"m_FxEnabled":false},"in2DMode":false,"pivot":{"x":3.789750099182129,"y":42.97725296020508,"z":-11.422035217285157},"rotation":{"x":0.01918838731944561,"y":0.009594597853720189,"z":0.00017905764980241656,"w":-0.9997841119766235},"size":55.685001373291019,"orthographic":false}