{"cameraMode":{"drawMode":0,"name":"Shaded","section":"Shading Mode"},"sceneLighting":true,"audioPlay":false,"sceneViewState":{"showFog":true,"showMaterialUpdate":false,"showSkybox":true,"showFlares":true,"showImageEffects":true,"showParticleSystems":true,"showVisualEffectGraphs":true,"m_FxEnabled":false},"in2DMode":false,"pivot":{"x":-0.2103685736656189,"y":8.362022399902344,"z":-0.03722190856933594},"rotation":{"x":0.01918838731944561,"y":0.009594597853720189,"z":0.00017905764980241656,"w":-0.9997841119766235},"size":10.001612663269043,"orthographic":false}