{"cameraMode":{"drawMode":0,"name":"Shaded","section":"Shading Mode"},"sceneLighting":true,"audioPlay":false,"sceneViewState":{"showFog":true,"showMaterialUpdate":false,"showSkybox":true,"showFlares":true,"showImageEffects":true,"showParticleSystems":true,"showVisualEffectGraphs":true,"m_FxEnabled":false},"in2DMode":false,"pivot":{"x":7.918033599853516,"y":0.18133920431137086,"z":-2.4449729919433595},"rotation":{"x":-0.106382817029953,"y":0.06468013674020767,"z":-0.006940358318388462,"w":-0.9922127723693848},"size":0.5728219747543335,"orthographic":false}